<Page xmlns="http://schemas.nativescript.org/tns.xsd" 
      loaded="pageLoaded">
      
      <GridLayout rows="auto, *">
        <!-- Header -->
        <StackLayout cssClass="page-header">
            <Label text="Header" cssClass="page-title bold"  horizontalAlignment="center" margin="15" />
        </StackLayout>

        <!-- Sessions Views -->
        <GridLayout  rows="auto, *" row="1">
          <ListView items="{{ sessions }}" row="1">
            <ListView.itemTemplate>
               <GridLayout columns="auto, *" cssClass="{{ isBreak ? 'break-row' : 'list-view-row' }}">
               
                  <GridLayout visibility="{{ isBreak ? 'collapsed' : 'visible' }}" columns="auto" rows="auto" cssClass="favourite-wrap"
                              tap="toggleFavorite">
                    <Image id="imgFav" stretch="none" cssClass="icon-image" src="{{ favorite ? 'res://ic_add_to_fav_1' : 'res://ic_add_to_fav' }}" />
                  </GridLayout>
               
                  <StackLayout col="1">
                    <Label text="{{ title }}" textWrap="true" cssClass="info-bigger" />
                    <Label text="{{ room }}" cssClass="info-orange" />
                  </StackLayout> 
               </GridLayout>
            </ListView.itemTemplate>
          </ListView>
          
          <ActivityIndicator busy="{{ isLoading }}" row="1" horizontalAlignment="center" verticalAlignment="center" />

        </GridLayout>
        
    </GridLayout>
</Page>